Name,Store Number,Address,Phone
Cicero Sam's Club,No. 6328,"2601 S Cicero Ave, Cicero, IL 60804",(708) 656-6256
Evanston Sam's Club,No. 6444,"2450 Main St., Evanston, IL 60202",(847) 491-9000
Evergreen Park Sam's Club,No. 6349,"9400 S. Western Ave., Evergreen Park, IL 60805",(708) 422-7417
Hodgkins Sam's Club,No. 6384,"9500 W. Joliet Rd., Hodgkins, IL 60525",(708) 387-7030
Northlake Sam's Club,No. 6358,"141 W. North Ave., Northlake, IL 60164",(708) 531-0807
Des Plaines Sam's Club,No. 6464,"101 W. Oakton St., Des Plaines, IL 60018",(847) 296-5050
Calumet City Sam's Club,No. 6489,"603 River Oaks West, Calumet City, IL 60409",(708) 832-1794
Tinley Park Sam's Club,No. 6485,"16100 Harlem Ave., Tinley Park, IL 60477",(708) 429-6069
Addison Sam's Club,No. 6487,"1006 Rohlwing Rd., Addison, IL 60101",(630) 932-7770
Vernon Hills Sam's Club,No. 6228,"335 North Milwaukee Ave, Vernon Hills, IL 60061",(847) 955-9260
Montgomery Sam's Club,No. 6388,"1050 Ogden Ave., Montgomery, IL 60538",(630) 449-1946
Joliet Sam's Club,No. 8298,"321 S Larkin Ave, Joliet, IL 60436",(815) 744-2525
Elgin Sam's Club,No. 4942,"1000 S. Randall Rd, Elgin, IL 60123",(630) 503-2142
Gurnee Sam's Club,No. 8184,"6570 Grand Ave., Gurnee, IL 60031",(847) 855-1130
Crystal Lake Sam's Club,No. 6339,"5670 N.w. Hwy., Crystal Lake, IL 60014",(815) 477-9876
Rockford Sam's Club,No. 8297,"7151 Walton St., Rockford, IL 61108",(815) 394-1212
