Name,Address,Phone
Mariano's Lakeshore East,"333 E Benton Place. CHICAGO, IL 60601",(312) 228-1349
Mariano's West Loop,"40 S Halsted. CHICAGO, IL 60661",(312) 243-7657
Mariano's South Loop,"1615 S. Clark Street. CHICAGO, IL 60616",(312) 225-4386
Mariano's New City,"1500 N. Clybourn Ave. #C104. CHICAGO, IL 60610",(312) 475-9661
Mariano's Ukrainian Village,"2021 W Chicago Avenue. CHICAGO, IL 60622",(773) 799-9000
Mariano's Bucktown,"2112 N Ashland. CHICAGO, IL 60614",(773) 342-6585
Marianos 3030 Broadway,"3030 N. Broadway Suite 100. Chicago, IL 60657",(773) 935-0294
Mariano's Bridgeport,"3145 South Ashland Ave. CHICAGO, IL 60608",(773) 247-2633
Marianos Bronzeville,"3857 S. Dr. Martin Luther King Jr. Dr.. Chicago, IL 60653",(773) 268-2839
Mariano's Roscoe Village,"3350 North Western Avenue. CHICAGO, IL 60618",(773) 327-2093
Yards Plaza Shopping Center,"4620 S Damen Ave. Chicago, IL 60609",(773) 376-0750
Mariano's Ravenswood,"1800 West Lawrence Ave.. CHICAGO, IL 60640",(773) 334-3549
Washington Square,"4821 W North Ave. Chicago, IL 60639",(773) 235-1783
Mariano's Edgewater,"5201 N Sheridan Rd. CHICAGO, IL 60640",(773) 506-0558
31st & Cicero,"3039 S Cicero Ave. Cicero, IL 60804",(708) 652-4257
Englewood Plaza,"7030 S Ashland Ave. Chicago, IL 60636",(773) 349-9000
Mariano's Jefferson Park,"5353 N Elston. CHICAGO, IL 60630",(773) 481-6731
Mariano's Skokie,"3358 West Touhy Avenue. SKOKIE, IL 60076",(847) 763-8801
87th & Dan Ryan,"112 W 87Th St. Chicago, IL 60620",(773) 358-4180
Main Street Shopping Center,"2400 West Main St. Evanston, IL 60202",(847) 492-1904
Mariano's Harwood Heights,"7401 West Lawrence Ave.. HARWOOD HEIGHTS, IL 60706",(708) 867-8543
Mariano's Evergreen Park,"2559 West 95th Street. EVERGREEN PARK, IL 60805",(708) 422-2001
Melrose Park,"2501 W. North Ave.. Melrose Park, IL 60160",(708) 865-2682
Mariano's Park Ridge,"1900 S Cumberland Avenue. PARK RIDGE, IL 60068",(847) 696-2360
Mariano's Westchester,"3020 Wolf Rd. WESTCHESTER, IL 60154",(708) 562-4033
Mariano's Oak Lawn,"11000 S Cicero Avenue. OAK LAWN, IL 60453",(708) 346-0698
Mariano's Glenview East,"25 Waukegan Rd. GLENVIEW, IL 60025",(847) 724-4685
Mariano's Western Springs,"4700 Gilbert Ave.. WESTERN SPRINGS, IL 60558",(708) 246-6210
Alsip,"12150 S Pulaski Rd. Alsip, IL 60803",(708) 385-3046
Mariano's Elmhurst,"678 N. York Street. ELMHURST, IL 60126",(630) 782-0017
Mariano's Northfield,"1822 Willow Rd. NORTHFIELD, IL 60093",(847) 446-6870
Dolton,"1000 E Sibley Blvd. Dolton, IL 60419",(708) 201-2940
Marianos Des Plaines,"10 E Golf Road. Des Plaines, IL 60016",(847) 635-7465
Mariano's Northbrook,"784 Skokie Blvd.. NORTHBROOK, IL 60062",(847) 559-1145
Marianos Westmont,"150 W. 63rd St.. Westmont, IL 60559",(630) 964-2254
Mariano's Glenview West,"2323 Capital Drive. NORTHBROOK, IL 60062",(847) 513-0202
Oak Forest,"5556 159Th St. Oak Forest, IL 60452",(708) 535-0834
Marianos Lombard,"345 W. Roosevelt Ave.. Lombard, IL 60148",(630) 629-3965
Mariano's Orland Park,"9504 142nd Street. ORLAND PARK, IL 60462",(708) 226-0006
Hammond Shopping Center,"1724 165Th St. Hammond, IN 46320",(219) 845-2918
Mariano's Arlington Heights,"802 East Northwest Highway. ARLINGTON HEIGHTS, IL 60004",(847) 253-5439
Arlington Heights Pharmacy,"1250 Village Drive. ARLINGTON HEIGHTS, IL 60004",(630) 637-9906
Mariano's Wheaton,"625 S Main St. WHEATON, IL 60187",(630) 690-6451
Marianos Bannockburn,"2999 Waukegan Road. Bannockburn, IL 60015",(847) 267-0294
Marianos Bloomingdale,"144 S. Gary Ave.. Bloomingdale, IL 60108",(630) 671-9116
Lincoln Crossing Shopping Center,"1333 Western Ave. Chicago Heights, IL 60411",(708) 441-6262
Mariano's Palatine,"545 N. Hicks Road. PALATINE, IL 60067",(847) 963-2807
Marianos Naperville,"1300 S. Naper Blvd.. Naperville, IL 60540",(630) 637-9906
Mariano's Buffalo Grove,"450 W Half Day Rd. BUFFALO GROVE, IL 60089",(847) 634-8500
Mariano's Frankfort,"21001 S LaGrange Rd. FRANKFORT, IL 60423",(815) 464-3376
