Name,Address,Phone,Hours
Cermak 1 Cicero,"4605 W. Cermak Rd., Cicero 60804",708-863-1100,Open: 7 Days a Week 7am-10pm
Cermak 5 McKinley Park,"3435 S. Archer, Chicago 60608",773-847-9700,Open: 7 Days a Week 7am-9:30pm
Cermak 6 Irving Park,"4234 N. Kedzie Ave., Chicago 60618",773-584-6120,Open: 7 Days a Week 7am-10pm
Cermak 7 Pilsen,"1711 W. Cermak, Chicago 60608",773-847-1100,Open: 7 Days a Week 7am-9pm
Cermak 8 Archer Heights,"5220 S. Pulaski, Chicago 60632",773-767-2900,Open: 7 Days a Week 7am-10pm
Cermak 9 Little Village,"3311 W. 26th St., Chicago 60623",773-762-2598,Open: 7 Days a Week 7am-9:30pm
Cermak 10 Aurora,"1250 N. Lake St., Aurora 60506",630-947-0100,Open: 7 Days a Week 8am-9pm
Cermak 11 Bedford Park,"7220 S. Cicero Ave., Bedford Park 60629",708-458-3800,Open: 7 Days a Week 7am-10pm
Cermak 12 Bridgeport,"3033 S. Halsted St., Chicago 60608",312-460-3460,Open: 7 days a week 7am-10pm
Cermak 13 Milwaukee,"1541 Miller Park Way, Milwaukee 53214",414-988-9051,Open: 7 Days a Week 8am-9pm
Cermak Milwaukee,"1236 S Barclay, Milwaukee 53204",414-645-2695,Open: 7 Days a Week 8am-9pm
Cermak 15 Rogers Park,"6623 Damen Ave, Chicago, IL 60645",872-888-8835,Open: 7 Days a Week 8am-10pm
Cermak BT Wearhouse,"4404 West Ann Lurie Pl., Chicago 60632",----,Open: M-Sa 5am-6pm
Cermak 16 Diversey,"4000 W. Diversey Ave., Chicago 60639",773-647-1416,Open: 7 Days a Week 8am-9pm
