StoreName,Address,Phone
Trader Joe's Arlington Heights (687),"17 W Rand Rd Arlington Heights, IL 60004 US",847-506-0752
Trader Joe's Chicago (688),"3745 N Lincoln Ave Chicago, IL 60613 US",773-248-4920
Trader Joe's Chicago - Diversey Pkwy (703),"667 W Diversey Pkwy Chicago, IL 60614 US",773-935-7255
Trader Joe's Chicago - Lincoln Park (691),"1840 N Clybourn Ave Chicago, IL 60614 US",312-274-9733
Trader Joe's Chicago - River North (696),"44 E Ontario St Chicago, IL 60611 US",312-951-6369
Trader Joe's Chicago - South Loop (701),"1147 S Wabash Ave Chicago, IL 60605 US",312-588-0489
Trader Joe's Hyde Park (706),"1528 E 55th Street Chicago, IL 60615 US",773-363-8831
Trader Joe's Evanston (702),"1211 Chicago Avenue Evanston, IL 60202 US",847-733-0690
Trader Joe's Glenview (681),"1407 Waukegan Rd Glenview, IL 60025 US",847-657-7821
Trader Joe's La Grange (685),"25 N La Grange Rd La Grange, IL 60525 US",708-579-0838
Trader Joe's Northbrook (682),"127 Skokie Blvd Northbrook, IL 60062 US",847-480-9280
Trader Joe's Oak Park (697),"483 N Harlem Ave Oak Park, IL 60301 US",708-386-1169
Trader Joe's Orland Park (686),"14924 S La Grange Rd Orland Park, IL 60462 US",708-349-9021
Trader Joe's Park Ridge (698),"190 N NW Highway Park Ridge, IL 60068 US",847-292-1108
Trader Joe's Schaumburg (705),"1426 E Golf Rd Schaumburg, IL 60173 US",847-619-0095
