Name,Address
PFM #01 - 57th & Kedzie,"5724 S. Kedzie Ave., Chicago, IL 60629"
PFM #02 - 47th & Kedzie,"4700 S. Kedzie Ave., Chicago, IL 60632"
PFM #03 - 43rd & Pulaski,"4343 S. Pulaski Rd., Chicago, IL 60632"
PFM #04 - West Lawn Market,"5838 S. Pulaski Rd., Chicago, IL 60629"
PFM #05 - 118th & Ave O,"3448 E. 118th St., Chicago, IL 60617"
PFM #06 - Cermak & Rockwell,"2526 W. Cermak Rd., Chicago, IL 60608"
PFM #07 - Calumet City,"1968 Sibley Blvd., Calumet City, IL 60409"
PFM #08 - Evergreen Park,"3720 W. 95th St., Evergreen Park, IL 60805"
PFM #09 - Oakbrook Terrace,"17w675 W. Roosevelt Rd, Oakbrook Terrace, IL 60181"
PFM #10 - Madison & Western,"2333 W. Madison St., Chicago, IL 60612"
PFM #11 - Bridgeview,"10280 S. Harlem Ave., Bridgeview, IL 60455"
PFM #12 - Oak Park,"259 Lake St., Oak Park, IL 60302"
PFM #13 - Willowbrook,"840 Plainfield Rd., Willowbrook, IL 60527"
PFM #14 - Wheaton,"151 Rice Lake Square, Wheaton, IL 60189"
PFM #15 - Glen Ellyn,"880 Roosevelt Rd., Glen Ellyn, IL 60137"
PFM #16 - Lemont,"1100 State St., Lemont, IL 60439"
